dataset,layer1,layer2,n_models,mean_ae,median_ae,stdev_ae,min_ae,max_ae
books_200M_uint64,linear_spline,linear_spline,64,13644.7,7580,16668.4,0,73402
books_200M_uint64,linear_spline,linear_spline,128,3689.51,1795,4925.67,0,37214
books_200M_uint64,linear_spline,linear_spline,256,1286.62,601,1677.61,0,12228
books_200M_uint64,linear_spline,linear_spline,512,637.46,334,784.822,0,6477
books_200M_uint64,linear_spline,linear_spline,1024,364.686,217,413.488,0,3772
books_200M_uint64,linear_spline,linear_spline,2048,225.6,137,248.161,0,2255
books_200M_uint64,linear_spline,linear_spline,4096,161.022,97,176.562,0,1659
books_200M_uint64,linear_spline,linear_spline,8192,116.763,71,126.774,0,1269
books_200M_uint64,linear_spline,linear_spline,16384,82.1164,50,89.3767,0,892
books_200M_uint64,linear_spline,linear_spline,32768,57.7124,35,62.4189,0,679
books_200M_uint64,linear_spline,linear_spline,65536,40.6855,25,43.9736,0,471
books_200M_uint64,linear_spline,linear_spline,131072,28.7769,18,30.9078,0,345
books_200M_uint64,linear_spline,linear_spline,262144,20.2376,13,21.5832,0,246
books_200M_uint64,linear_spline,linear_spline,524288,14.094,9,14.8155,0,244
books_200M_uint64,linear_spline,linear_spline,1048576,9.8115,7,9.9936,0,244
books_200M_uint64,linear_spline,linear_spline,2097152,6.81101,5,6.56252,0,244
books_200M_uint64,linear_spline,linear_spline,4194304,4.78595,4,4.32398,0,244
books_200M_uint64,linear_spline,linear_spline,8388608,3.42142,3,3.08961,0,244
books_200M_uint64,linear_spline,linear_spline,16777216,2.77234,2,2.76239,0,244
books_200M_uint64,linear_spline,linear_spline,33554432,2.1049,1,2.3706,0,244
books_200M_uint64,linear_spline,linear_regression,64,5593.05,2816,7242,0,57683
books_200M_uint64,linear_spline,linear_regression,128,1669.68,917,2201.37,0,25433
books_200M_uint64,linear_spline,linear_regression,256,682.768,381,811.777,0,10225
books_200M_uint64,linear_spline,linear_regression,512,373.074,218,429.289,0,4357
books_200M_uint64,linear_spline,linear_regression,1024,220.354,137,236.714,0,2140
books_200M_uint64,linear_spline,linear_regression,2048,146.091,94,149.734,0,1584
books_200M_uint64,linear_spline,linear_regression,4096,106.143,67,109.715,0,1111
books_200M_uint64,linear_spline,linear_regression,8192,75.8598,48,78.2393,0,1025
books_200M_uint64,linear_spline,linear_regression,16384,53.139,34,54.6879,0,661
books_200M_uint64,linear_spline,linear_regression,32768,37.609,24,38.4713,0,512
books_200M_uint64,linear_spline,linear_regression,65536,26.4457,17,26.9621,0,356
books_200M_uint64,linear_spline,linear_regression,131072,18.598,12,18.8509,0,312
books_200M_uint64,linear_spline,linear_regression,262144,13.0121,9,13.0062,0,255
books_200M_uint64,linear_spline,linear_regression,524288,9.03413,6,8.80043,0,209
books_200M_uint64,linear_spline,linear_regression,1048576,6.23295,5,5.81681,0,203
books_200M_uint64,linear_spline,linear_regression,2097152,4.29719,3,3.77002,0,143
books_200M_uint64,linear_spline,linear_regression,4194304,3.0533,2,2.54618,0,132
books_200M_uint64,linear_spline,linear_regression,8388608,2.33358,2,1.98641,0,126
books_200M_uint64,linear_spline,linear_regression,16777216,1.85872,1,1.77086,0,123
books_200M_uint64,linear_spline,linear_regression,33554432,1.31175,1,1.41858,0,122
books_200M_uint64,cubic_spline,linear_spline,64,27899.2,3363,118650,0,1146689
books_200M_uint64,cubic_spline,linear_spline,128,6953.62,840,31096.6,0,383589
books_200M_uint64,cubic_spline,linear_spline,256,2088.9,443,7335.87,0,125702
books_200M_uint64,cubic_spline,linear_spline,512,939.659,261,4105.58,0,116144
books_200M_uint64,cubic_spline,linear_spline,1024,611.952,164,3842.27,0,114118
books_200M_uint64,cubic_spline,linear_spline,2048,424.825,111,3912.84,0,120009
books_200M_uint64,cubic_spline,linear_spline,4096,354.456,78,4098.94,0,123303
books_200M_uint64,cubic_spline,linear_spline,8192,282.701,55,3829.59,0,119291
books_200M_uint64,cubic_spline,linear_spline,16384,213.124,39,3196,0,108048
books_200M_uint64,cubic_spline,linear_spline,32768,136.392,28,2278.7,0,88428
books_200M_uint64,cubic_spline,linear_spline,65536,78.0639,20,1292.83,0,60166
books_200M_uint64,cubic_spline,linear_spline,131072,42.6818,14,633.423,0,37374
books_200M_uint64,cubic_spline,linear_spline,262144,24.3084,10,223.19,0,17557
books_200M_uint64,cubic_spline,linear_spline,524288,15.5755,8,93.123,0,9110
books_200M_uint64,cubic_spline,linear_spline,1048576,10.2666,6,39.034,0,5448
books_200M_uint64,cubic_spline,linear_spline,2097152,7.00989,4,20.2538,0,3714
books_200M_uint64,cubic_spline,linear_spline,4194304,4.87912,3,11.4323,0,2443
books_200M_uint64,cubic_spline,linear_spline,8388608,3.5697,2,6.00376,0,1168
books_200M_uint64,cubic_spline,linear_spline,16777216,2.55246,2,3.57624,0,419
books_200M_uint64,cubic_spline,linear_spline,33554432,1.78328,1,2.6463,0,273
books_200M_uint64,cubic_spline,linear_regression,64,11666.4,1471,50906.4,0,720314
books_200M_uint64,cubic_spline,linear_regression,128,2778.26,527,12218.9,0,271201
books_200M_uint64,cubic_spline,linear_regression,256,1077.5,284,3521.34,0,62802
books_200M_uint64,cubic_spline,linear_regression,512,612.779,167,2874.36,0,62815
books_200M_uint64,cubic_spline,linear_regression,1024,381.957,109,2289.27,0,59033
books_200M_uint64,cubic_spline,linear_regression,2048,208.87,75,1160.46,0,47259
books_200M_uint64,cubic_spline,linear_regression,4096,139.656,53,722.576,0,22280
books_200M_uint64,cubic_spline,linear_regression,8192,97.3959,38,564.358,0,23832
books_200M_uint64,cubic_spline,linear_regression,16384,76.423,27,574.261,0,21525
books_200M_uint64,cubic_spline,linear_regression,32768,56.6631,19,537.379,0,22398
books_200M_uint64,cubic_spline,linear_regression,65536,37.2165,14,361.158,0,21023
books_200M_uint64,cubic_spline,linear_regression,131072,22.8191,10,191.174,0,16942
books_200M_uint64,cubic_spline,linear_regression,262144,14.4178,7,70.5602,0,7786
books_200M_uint64,cubic_spline,linear_regression,524288,9.49375,5,28.1582,0,4520
books_200M_uint64,cubic_spline,linear_regression,1048576,6.41467,4,13.0955,0,2195
books_200M_uint64,cubic_spline,linear_regression,2097152,4.41194,3,8.23182,0,1459
books_200M_uint64,cubic_spline,linear_regression,4194304,3.11771,2,5.61829,0,1190
books_200M_uint64,cubic_spline,linear_regression,8388608,2.27069,2,3.23331,0,836
books_200M_uint64,cubic_spline,linear_regression,16777216,1.58202,1,2.11787,0,297
books_200M_uint64,cubic_spline,linear_regression,33554432,1.08579,1,1.5591,0,199
books_200M_uint64,linear_regression,linear_spline,64,240058,5109,932631,0,5150153
books_200M_uint64,linear_regression,linear_spline,128,215028,1058,872959,0,4915766
books_200M_uint64,linear_regression,linear_spline,256,203796,489,842064,0,4793081
books_200M_uint64,linear_regression,linear_spline,512,198488,307,826873,0,4732075
books_200M_uint64,linear_regression,linear_spline,1024,195957,201,819451,0,4702108
books_200M_uint64,linear_regression,linear_spline,2048,194593,132,815516,0,4686145
books_200M_uint64,linear_regression,linear_spline,4096,193936,96,813613,0,4678410
books_200M_uint64,linear_regression,linear_spline,8192,193566,67,812574,0,4674175
books_200M_uint64,linear_regression,linear_spline,16384,193390,47,812113,0,4672285
books_200M_uint64,linear_regression,linear_spline,32768,193287,34,811852,0,4671210
books_200M_uint64,linear_regression,linear_spline,65536,193241,24,811753,0,4670797
books_200M_uint64,linear_regression,linear_spline,131072,193210,17,811688,0,4670522
books_200M_uint64,linear_regression,linear_spline,262144,193195,12,811666,0,4670428
books_200M_uint64,linear_regression,linear_spline,524288,193186,9,811652,0,4670366
books_200M_uint64,linear_regression,linear_spline,1048576,193180,6,811646,0,4670338
books_200M_uint64,linear_regression,linear_spline,2097152,193176,5,811641,0,4670314
books_200M_uint64,linear_regression,linear_spline,4194304,193173,4,811639,0,4670307
books_200M_uint64,linear_regression,linear_spline,8388608,193172,3,811639,0,4670305
books_200M_uint64,linear_regression,linear_spline,16777216,193172,2,811639,0,4670303
books_200M_uint64,linear_regression,linear_spline,33554432,193171,1,811638,0,4670300
books_200M_uint64,linear_regression,linear_regression,64,85856.6,2076,342356,0,2642636
books_200M_uint64,linear_regression,linear_regression,128,77473.8,668,323086,0,2549559
books_200M_uint64,linear_regression,linear_regression,256,73750.3,314,313153,0,2496985
books_200M_uint64,linear_regression,linear_regression,512,71946.3,194,308256,0,2470871
books_200M_uint64,linear_regression,linear_regression,1024,71086.3,131,305841,0,2458282
books_200M_uint64,linear_regression,linear_regression,2048,70630,91,304589,0,2451073
books_200M_uint64,linear_regression,linear_regression,4096,70400.7,64,303978,0,2447692
books_200M_uint64,linear_regression,linear_regression,8192,70272,45,303655,0,2445663
books_200M_uint64,linear_regression,linear_regression,16384,70206,32,303507,0,2444857
books_200M_uint64,linear_regression,linear_regression,32768,70167.3,23,303427,0,2444336
books_200M_uint64,linear_regression,linear_regression,65536,70147.3,16,303394,0,2444189
books_200M_uint64,linear_regression,linear_regression,131072,70134.3,12,303375,0,2444052
books_200M_uint64,linear_regression,linear_regression,262144,70127.2,8,303367,0,2444029
books_200M_uint64,linear_regression,linear_regression,524288,70122.5,6,303363,0,2443998
books_200M_uint64,linear_regression,linear_regression,1048576,70119.5,4,303361,0,2443986
books_200M_uint64,linear_regression,linear_regression,2097152,70117.5,3,303360,0,2443970
books_200M_uint64,linear_regression,linear_regression,4194304,70116.3,2,303360,0,2443969
books_200M_uint64,linear_regression,linear_regression,8388608,70115.7,2,303360,0,2443968
books_200M_uint64,linear_regression,linear_regression,16777216,70115.2,1,303360,0,2443967
books_200M_uint64,linear_regression,linear_regression,33554432,70114.7,1,303360,0,2443965
books_200M_uint64,radix,linear_spline,64,51271.8,30520,62434.7,0,322776
books_200M_uint64,radix,linear_spline,128,13644.7,7580,16668.4,0,73402
books_200M_uint64,radix,linear_spline,256,3689.51,1795,4925.67,0,37214
books_200M_uint64,radix,linear_spline,512,1286.62,601,1677.61,0,12228
books_200M_uint64,radix,linear_spline,1024,637.46,334,784.822,0,6477
books_200M_uint64,radix,linear_spline,2048,364.685,217,413.488,0,3772
books_200M_uint64,radix,linear_spline,4096,225.6,137,248.161,0,2255
books_200M_uint64,radix,linear_spline,8192,161.022,97,176.562,0,1659
books_200M_uint64,radix,linear_spline,16384,116.762,71,126.774,0,1269
books_200M_uint64,radix,linear_spline,32768,82.1163,50,89.3767,0,892
books_200M_uint64,radix,linear_spline,65536,57.7123,35,62.4189,0,679
books_200M_uint64,radix,linear_spline,131072,40.6853,25,43.9735,0,471
books_200M_uint64,radix,linear_spline,262144,28.7767,18,30.9075,0,345
books_200M_uint64,radix,linear_spline,524288,20.2375,13,21.5828,0,246
books_200M_uint64,radix,linear_spline,1048576,14.0939,9,14.8148,0,244
books_200M_uint64,radix,linear_spline,2097152,9.81137,7,9.99253,0,244
books_200M_uint64,radix,linear_spline,4194304,6.81088,5,6.56084,0,244
books_200M_uint64,radix,linear_spline,8388608,4.78583,4,4.32138,0,244
books_200M_uint64,radix,linear_spline,16777216,3.42142,3,3.08961,0,244
books_200M_uint64,radix,linear_spline,33554432,2.77234,2,2.76239,0,244
books_200M_uint64,radix,linear_regression,64,19768.2,9987,27026.6,0,206735
books_200M_uint64,radix,linear_regression,128,5593.03,2816,7242,0,57683
books_200M_uint64,radix,linear_regression,256,1669.68,917,2201.37,0,25433
books_200M_uint64,radix,linear_regression,512,682.768,381,811.777,0,10225
books_200M_uint64,radix,linear_regression,1024,373.074,218,429.289,0,4357
books_200M_uint64,radix,linear_regression,2048,220.354,137,236.714,0,2140
books_200M_uint64,radix,linear_regression,4096,146.091,94,149.734,0,1584
books_200M_uint64,radix,linear_regression,8192,106.143,67,109.715,0,1111
books_200M_uint64,radix,linear_regression,16384,75.8598,48,78.2394,0,1025
books_200M_uint64,radix,linear_regression,32768,53.139,34,54.6879,0,661
books_200M_uint64,radix,linear_regression,65536,37.6089,24,38.4713,0,512
books_200M_uint64,radix,linear_regression,131072,26.4457,17,26.9621,0,356
books_200M_uint64,radix,linear_regression,262144,18.598,12,18.8509,0,312
books_200M_uint64,radix,linear_regression,524288,13.0121,9,13.0062,0,255
books_200M_uint64,radix,linear_regression,1048576,9.03413,6,8.80042,0,209
books_200M_uint64,radix,linear_regression,2097152,6.23294,5,5.8168,0,203
books_200M_uint64,radix,linear_regression,4194304,4.29719,3,3.77002,0,143
books_200M_uint64,radix,linear_regression,8388608,3.0533,2,2.54617,0,132
books_200M_uint64,radix,linear_regression,16777216,2.33358,2,1.98641,0,126
books_200M_uint64,radix,linear_regression,33554432,1.85872,1,1.77086,0,123
fb_200M_uint64,linear_spline,linear_spline,64,9.99931e+07,99993103,5.77311e+07,0,199986246
fb_200M_uint64,linear_spline,linear_spline,128,9.99931e+07,99993103,5.77311e+07,0,199986246
fb_200M_uint64,linear_spline,linear_spline,256,9.99931e+07,99993103,5.77311e+07,0,199986246
fb_200M_uint64,linear_spline,linear_spline,512,9.99931e+07,99993103,5.77311e+07,0,199986246
fb_200M_uint64,linear_spline,linear_spline,1024,9.99931e+07,99993103,5.77311e+07,0,199986246
fb_200M_uint64,linear_spline,linear_spline,2048,9.99931e+07,99993103,5.77311e+07,0,199986246
fb_200M_uint64,linear_spline,linear_spline,4096,9.99931e+07,99993103,5.77311e+07,0,199986246
fb_200M_uint64,linear_spline,linear_spline,8192,9.99931e+07,99993103,5.77311e+07,0,199986246
fb_200M_uint64,linear_spline,linear_spline,16384,9.99931e+07,99993103,5.77311e+07,0,199986246
fb_200M_uint64,linear_spline,linear_spline,32768,9.99862e+07,99986214,5.77271e+07,0,199972513
fb_200M_uint64,linear_spline,linear_spline,65536,9.99633e+07,99963277,5.77139e+07,0,199926759
fb_200M_uint64,linear_spline,linear_spline,131072,205743,220260,85099.9,0,374972
fb_200M_uint64,linear_spline,linear_spline,262144,205743,220260,85099.9,0,374972
fb_200M_uint64,linear_spline,linear_spline,524288,205743,220260,85099.9,0,374972
fb_200M_uint64,linear_spline,linear_spline,1048576,205743,220260,85099.9,0,374972
fb_200M_uint64,linear_spline,linear_spline,2097152,205743,220260,85099.9,0,374972
fb_200M_uint64,linear_spline,linear_spline,4194304,205743,220260,85099.9,0,374972
fb_200M_uint64,linear_spline,linear_spline,8388608,205743,220260,85099.9,0,374972
fb_200M_uint64,linear_spline,linear_spline,16777216,205743,220260,85099.9,0,374972
fb_200M_uint64,linear_spline,linear_spline,33554432,205743,220260,85099.9,0,374972
fb_200M_uint64,linear_spline,linear_regression,64,4.90983e+07,49099593,2.83465e+07,0,98203457
fb_200M_uint64,linear_spline,linear_regression,128,4.90983e+07,49099593,2.83465e+07,0,98203457
fb_200M_uint64,linear_spline,linear_regression,256,4.90983e+07,49099593,2.83465e+07,0,98203457
fb_200M_uint64,linear_spline,linear_regression,512,4.90983e+07,49099593,2.83465e+07,0,98203457
fb_200M_uint64,linear_spline,linear_regression,1024,4.90983e+07,49099593,2.83465e+07,0,98203457
fb_200M_uint64,linear_spline,linear_regression,2048,4.90983e+07,49099593,2.83465e+07,0,98203457
fb_200M_uint64,linear_spline,linear_regression,4096,4.90983e+07,49099593,2.83465e+07,0,98203457
fb_200M_uint64,linear_spline,linear_regression,8192,4.90983e+07,49099593,2.83465e+07,0,98203457
fb_200M_uint64,linear_spline,linear_regression,16384,4.90983e+07,49099593,2.83465e+07,0,98203457
fb_200M_uint64,linear_spline,linear_regression,32768,4.4605e+07,44612930,2.57502e+07,0,89244405
fb_200M_uint64,linear_spline,linear_regression,65536,1.95926e+07,19634781,1.12976e+07,0,39365243
fb_200M_uint64,linear_spline,linear_regression,131072,116998,103844,78143.6,0,324884
fb_200M_uint64,linear_spline,linear_regression,262144,116998,103844,78143.6,0,324884
fb_200M_uint64,linear_spline,linear_regression,524288,116998,103844,78143.6,0,324884
fb_200M_uint64,linear_spline,linear_regression,1048576,116998,103844,78143.6,0,324884
fb_200M_uint64,linear_spline,linear_regression,2097152,116998,103844,78143.6,0,324884
fb_200M_uint64,linear_spline,linear_regression,4194304,116998,103844,78143.6,0,324884
fb_200M_uint64,linear_spline,linear_regression,8388608,116998,103844,78143.6,0,324884
fb_200M_uint64,linear_spline,linear_regression,16777216,116998,103844,78143.6,0,324884
fb_200M_uint64,linear_spline,linear_regression,33554432,116998,103844,78143.6,0,324884
fb_200M_uint64,cubic_spline,linear_spline,64,9.99931e+07,99993103,5.77311e+07,0,199986246
fb_200M_uint64,cubic_spline,linear_spline,128,9.99931e+07,99993103,5.77311e+07,0,199986246
fb_200M_uint64,cubic_spline,linear_spline,256,9.99931e+07,99993103,5.77311e+07,0,199986246
fb_200M_uint64,cubic_spline,linear_spline,512,9.99931e+07,99993103,5.77311e+07,0,199986246
fb_200M_uint64,cubic_spline,linear_spline,1024,9.99931e+07,99993103,5.77311e+07,0,199986246
fb_200M_uint64,cubic_spline,linear_spline,2048,9.99931e+07,99993103,5.77311e+07,0,199986246
fb_200M_uint64,cubic_spline,linear_spline,4096,9.99931e+07,99993103,5.77311e+07,0,199986246
fb_200M_uint64,cubic_spline,linear_spline,8192,9.9989e+07,99988970,5.77287e+07,0,199978007
fb_200M_uint64,cubic_spline,linear_spline,16384,9.9978e+07,99977956,5.77223e+07,0,199956040
fb_200M_uint64,cubic_spline,linear_spline,32768,9.9945e+07,99944935,5.77033e+07,0,199890169
fb_200M_uint64,cubic_spline,linear_spline,65536,205743,220260,85099.9,0,374972
fb_200M_uint64,cubic_spline,linear_spline,131072,205743,220260,85099.9,0,374972
fb_200M_uint64,cubic_spline,linear_spline,262144,205743,220260,85099.9,0,374972
fb_200M_uint64,cubic_spline,linear_spline,524288,205743,220260,85099.9,0,374972
fb_200M_uint64,cubic_spline,linear_spline,1048576,205743,220260,85099.9,0,374972
fb_200M_uint64,cubic_spline,linear_spline,2097152,205743,220260,85099.9,0,374972
fb_200M_uint64,cubic_spline,linear_spline,4194304,205743,220260,85099.9,0,374972
fb_200M_uint64,cubic_spline,linear_spline,8388608,205743,220260,85099.9,0,374972
fb_200M_uint64,cubic_spline,linear_spline,16777216,205743,220260,85099.9,0,374972
fb_200M_uint64,cubic_spline,linear_spline,33554432,205743,220260,85099.9,0,374972
fb_200M_uint64,cubic_spline,linear_regression,64,4.90983e+07,49099593,2.83465e+07,0,98203457
fb_200M_uint64,cubic_spline,linear_regression,128,4.90983e+07,49099593,2.83465e+07,0,98203457
fb_200M_uint64,cubic_spline,linear_regression,256,4.90983e+07,49099593,2.83465e+07,0,98203457
fb_200M_uint64,cubic_spline,linear_regression,512,4.90983e+07,49099593,2.83465e+07,0,98203457
fb_200M_uint64,cubic_spline,linear_regression,1024,4.90983e+07,49099593,2.83465e+07,0,98203457
fb_200M_uint64,cubic_spline,linear_regression,2048,4.90983e+07,49099593,2.83465e+07,0,98203457
fb_200M_uint64,cubic_spline,linear_regression,4096,4.90983e+07,49099593,2.83465e+07,0,98203457
fb_200M_uint64,cubic_spline,linear_regression,8192,4.7123e+07,47127255,2.72051e+07,0,94265235
fb_200M_uint64,cubic_spline,linear_regression,16384,3.63944e+07,36414245,2.10059e+07,0,72871659
fb_200M_uint64,cubic_spline,linear_regression,32768,8.27899e+06,8333464,4.76112e+06,0,16803336
fb_200M_uint64,cubic_spline,linear_regression,65536,116998,103844,78143.6,0,324884
fb_200M_uint64,cubic_spline,linear_regression,131072,116998,103844,78143.6,0,324884
fb_200M_uint64,cubic_spline,linear_regression,262144,116998,103844,78143.6,0,324884
fb_200M_uint64,cubic_spline,linear_regression,524288,116998,103844,78143.6,0,324884
fb_200M_uint64,cubic_spline,linear_regression,1048576,116998,103844,78143.6,0,324884
fb_200M_uint64,cubic_spline,linear_regression,2097152,116998,103844,78143.6,0,324884
fb_200M_uint64,cubic_spline,linear_regression,4194304,116998,103844,78143.6,0,324884
fb_200M_uint64,cubic_spline,linear_regression,8388608,116998,103844,78143.6,0,324884
fb_200M_uint64,cubic_spline,linear_regression,16777216,116998,103844,78143.6,0,324884
fb_200M_uint64,cubic_spline,linear_regression,33554432,116998,103844,78143.6,0,324884
fb_200M_uint64,linear_regression,linear_spline,64,205743,220260,85099.9,0,374972
fb_200M_uint64,linear_regression,linear_spline,128,205743,220260,85099.9,0,374972
fb_200M_uint64,linear_regression,linear_spline,256,205743,220260,85099.9,0,374972
fb_200M_uint64,linear_regression,linear_spline,512,205743,220260,85099.9,0,374972
fb_200M_uint64,linear_regression,linear_spline,1024,205743,220260,85099.9,0,374972
fb_200M_uint64,linear_regression,linear_spline,2048,205743,220260,85099.9,0,374972
fb_200M_uint64,linear_regression,linear_spline,4096,205743,220260,85099.9,0,374972
fb_200M_uint64,linear_regression,linear_spline,8192,205743,220260,85099.9,0,374972
fb_200M_uint64,linear_regression,linear_spline,16384,205743,220260,85099.9,0,374972
fb_200M_uint64,linear_regression,linear_spline,32768,205743,220260,85099.9,0,374972
fb_200M_uint64,linear_regression,linear_spline,65536,205743,220260,85099.9,0,374972
fb_200M_uint64,linear_regression,linear_spline,131072,205743,220260,85099.9,0,374972
fb_200M_uint64,linear_regression,linear_spline,262144,205743,220260,85099.9,0,374972
fb_200M_uint64,linear_regression,linear_spline,524288,205743,220260,85099.9,0,374972
fb_200M_uint64,linear_regression,linear_spline,1048576,205743,220260,85099.9,0,374972
fb_200M_uint64,linear_regression,linear_spline,2097152,205743,220260,85099.9,0,374972
fb_200M_uint64,linear_regression,linear_spline,4194304,205743,220260,85099.9,0,374972
fb_200M_uint64,linear_regression,linear_spline,8388608,205743,220260,85099.9,0,374972
fb_200M_uint64,linear_regression,linear_spline,16777216,205743,220260,85099.9,0,374972
fb_200M_uint64,linear_regression,linear_spline,33554432,205743,220260,85099.9,0,374972
fb_200M_uint64,linear_regression,linear_regression,64,116998,103844,78143.6,0,324884
fb_200M_uint64,linear_regression,linear_regression,128,116998,103844,78143.6,0,324884
fb_200M_uint64,linear_regression,linear_regression,256,116998,103844,78143.6,0,324884
fb_200M_uint64,linear_regression,linear_regression,512,116998,103844,78143.6,0,324884
fb_200M_uint64,linear_regression,linear_regression,1024,116998,103844,78143.6,0,324884
fb_200M_uint64,linear_regression,linear_regression,2048,116998,103844,78143.6,0,324884
fb_200M_uint64,linear_regression,linear_regression,4096,116998,103844,78143.6,0,324884
fb_200M_uint64,linear_regression,linear_regression,8192,116998,103844,78143.6,0,324884
fb_200M_uint64,linear_regression,linear_regression,16384,116998,103844,78143.6,0,324884
fb_200M_uint64,linear_regression,linear_regression,32768,116998,103844,78143.6,0,324884
fb_200M_uint64,linear_regression,linear_regression,65536,116998,103844,78143.6,0,324884
fb_200M_uint64,linear_regression,linear_regression,131072,116998,103844,78143.6,0,324884
fb_200M_uint64,linear_regression,linear_regression,262144,116998,103844,78143.6,0,324884
fb_200M_uint64,linear_regression,linear_regression,524288,116998,103844,78143.6,0,324884
fb_200M_uint64,linear_regression,linear_regression,1048576,116998,103844,78143.6,0,324884
fb_200M_uint64,linear_regression,linear_regression,2097152,116998,103844,78143.6,0,324884
fb_200M_uint64,linear_regression,linear_regression,4194304,116998,103844,78143.6,0,324884
fb_200M_uint64,linear_regression,linear_regression,8388608,116998,103844,78143.6,0,324884
fb_200M_uint64,linear_regression,linear_regression,16777216,116998,103844,78143.6,0,324884
fb_200M_uint64,linear_regression,linear_regression,33554432,116998,103844,78143.6,0,324884
fb_200M_uint64,radix,linear_spline,64,9.99931e+07,99993103,5.77311e+07,0,199986246
fb_200M_uint64,radix,linear_spline,128,9.99931e+07,99993103,5.77311e+07,0,199986246
fb_200M_uint64,radix,linear_spline,256,9.99931e+07,99993103,5.77311e+07,0,199986246
fb_200M_uint64,radix,linear_spline,512,9.99931e+07,99993103,5.77311e+07,0,199986246
fb_200M_uint64,radix,linear_spline,1024,9.99931e+07,99993103,5.77311e+07,0,199986246
fb_200M_uint64,radix,linear_spline,2048,9.99931e+07,99993103,5.77311e+07,0,199986246
fb_200M_uint64,radix,linear_spline,4096,9.99931e+07,99993103,5.77311e+07,0,199986246
fb_200M_uint64,radix,linear_spline,8192,9.99931e+07,99993103,5.77311e+07,0,199986246
fb_200M_uint64,radix,linear_spline,16384,9.99926e+07,99992642,5.77308e+07,0,199985330
fb_200M_uint64,radix,linear_spline,32768,9.99862e+07,99986214,5.77271e+07,0,199972513
fb_200M_uint64,radix,linear_spline,65536,9.99633e+07,99963277,5.77139e+07,0,199926759
fb_200M_uint64,radix,linear_spline,131072,205743,220260,85099.9,0,374972
fb_200M_uint64,radix,linear_spline,262144,205743,220260,85099.9,0,374972
fb_200M_uint64,radix,linear_spline,524288,205743,220260,85099.9,0,374972
fb_200M_uint64,radix,linear_spline,1048576,205743,220260,85099.9,0,374972
fb_200M_uint64,radix,linear_spline,2097152,205743,220260,85099.9,0,374972
fb_200M_uint64,radix,linear_spline,4194304,205743,220260,85099.9,0,374972
fb_200M_uint64,radix,linear_spline,8388608,205743,220260,85099.9,0,374972
fb_200M_uint64,radix,linear_spline,16777216,205743,220260,85099.9,0,374972
fb_200M_uint64,radix,linear_spline,33554432,205743,220260,85099.9,0,374972
fb_200M_uint64,radix,linear_regression,64,4.90983e+07,49099593,2.83465e+07,0,98203457
fb_200M_uint64,radix,linear_regression,128,4.90983e+07,49099593,2.83465e+07,0,98203457
fb_200M_uint64,radix,linear_regression,256,4.90983e+07,49099593,2.83465e+07,0,98203457
fb_200M_uint64,radix,linear_regression,512,4.90983e+07,49099593,2.83465e+07,0,98203457
fb_200M_uint64,radix,linear_regression,1024,4.90983e+07,49099593,2.83465e+07,0,98203457
fb_200M_uint64,radix,linear_regression,2048,4.90983e+07,49099593,2.83465e+07,0,98203457
fb_200M_uint64,radix,linear_regression,4096,4.90983e+07,49099593,2.83465e+07,0,98203457
fb_200M_uint64,radix,linear_regression,8192,4.90983e+07,49099593,2.83465e+07,0,98203457
fb_200M_uint64,radix,linear_regression,16384,4.88323e+07,48833999,2.81928e+07,0,97673187
fb_200M_uint64,radix,linear_regression,32768,4.4605e+07,44612930,2.57502e+07,0,89244405
fb_200M_uint64,radix,linear_regression,65536,1.95926e+07,19634781,1.12976e+07,0,39365243
fb_200M_uint64,radix,linear_regression,131072,116998,103844,78143.6,0,324884
fb_200M_uint64,radix,linear_regression,262144,116998,103844,78143.6,0,324884
fb_200M_uint64,radix,linear_regression,524288,116998,103844,78143.6,0,324884
fb_200M_uint64,radix,linear_regression,1048576,116998,103844,78143.6,0,324884
fb_200M_uint64,radix,linear_regression,2097152,116998,103844,78143.6,0,324884
fb_200M_uint64,radix,linear_regression,4194304,116998,103844,78143.6,0,324884
fb_200M_uint64,radix,linear_regression,8388608,116998,103844,78143.6,0,324884
fb_200M_uint64,radix,linear_regression,16777216,116998,103844,78143.6,0,324884
fb_200M_uint64,radix,linear_regression,33554432,116998,103844,78143.6,0,324884
osm_cellids_200M_uint64,linear_spline,linear_spline,64,7.54867e+06,2335621,9.867e+06,0,31691462
osm_cellids_200M_uint64,linear_spline,linear_spline,128,4.37738e+06,1247766,5.83749e+06,0,20718009
osm_cellids_200M_uint64,linear_spline,linear_spline,256,2.35367e+06,676257,3.39966e+06,0,13195032
osm_cellids_200M_uint64,linear_spline,linear_spline,512,809695,332188,1.05794e+06,0,5159379
osm_cellids_200M_uint64,linear_spline,linear_spline,1024,448181,170458,718612,0,4644917
osm_cellids_200M_uint64,linear_spline,linear_spline,2048,314797,96997,654387,0,5240248
osm_cellids_200M_uint64,linear_spline,linear_spline,4096,135847,53201,225355,0,1638574
osm_cellids_200M_uint64,linear_spline,linear_spline,8192,95577.6,28609,189673,0,1569206
osm_cellids_200M_uint64,linear_spline,linear_spline,16384,55574.1,15644,118723,0,1291703
osm_cellids_200M_uint64,linear_spline,linear_spline,32768,28521.5,8303,58829.7,0,871512
osm_cellids_200M_uint64,linear_spline,linear_spline,65536,15554.9,4456,31325.3,0,392950
osm_cellids_200M_uint64,linear_spline,linear_spline,131072,9297.4,2407,20232.3,0,303789
osm_cellids_200M_uint64,linear_spline,linear_spline,262144,5419.37,1271,12038.4,0,169930
osm_cellids_200M_uint64,linear_spline,linear_spline,524288,3105.43,680,6885.63,0,103092
osm_cellids_200M_uint64,linear_spline,linear_spline,1048576,1769.05,354,4117.98,0,69499
osm_cellids_200M_uint64,linear_spline,linear_spline,2097152,1051.86,190,2514.44,0,45106
osm_cellids_200M_uint64,linear_spline,linear_spline,4194304,608.95,101,1575.75,0,42249
osm_cellids_200M_uint64,linear_spline,linear_spline,8388608,341.235,55,857.93,0,22852
osm_cellids_200M_uint64,linear_spline,linear_spline,16777216,192.299,30,480.979,0,10978
osm_cellids_200M_uint64,linear_spline,linear_spline,33554432,108.222,17,258.415,0,6268
osm_cellids_200M_uint64,linear_spline,linear_regression,64,2.4239e+06,1194631,3.03991e+06,0,48809348
osm_cellids_200M_uint64,linear_spline,linear_regression,128,1.8278e+06,553374,2.73663e+06,0,15253061
osm_cellids_200M_uint64,linear_spline,linear_regression,256,1.0859e+06,353034,1.67509e+06,0,12656379
osm_cellids_200M_uint64,linear_spline,linear_regression,512,394075,157879,646278,0,8064987
osm_cellids_200M_uint64,linear_spline,linear_regression,1024,285791,101640,465453,0,6790065
osm_cellids_200M_uint64,linear_spline,linear_regression,2048,148356,57625,250730,0,9826974
osm_cellids_200M_uint64,linear_spline,linear_regression,4096,91351.3,31117,171125,0,3134837
osm_cellids_200M_uint64,linear_spline,linear_regression,8192,47536.3,17038,85135,0,2734261
osm_cellids_200M_uint64,linear_spline,linear_regression,16384,26338.5,9358,47052.1,0,1473480
osm_cellids_200M_uint64,linear_spline,linear_regression,32768,15090.7,4941,29347.8,0,1216064
osm_cellids_200M_uint64,linear_spline,linear_regression,65536,8628.03,2740,16179.7,0,980068
osm_cellids_200M_uint64,linear_spline,linear_regression,131072,5107.28,1454,10361.6,0,644017
osm_cellids_200M_uint64,linear_spline,linear_regression,262144,3011.57,782,6342.49,0,525301
osm_cellids_200M_uint64,linear_spline,linear_regression,524288,1690.2,410,3492.74,0,168584
osm_cellids_200M_uint64,linear_spline,linear_regression,1048576,1005.43,220,2220.9,0,164099
osm_cellids_200M_uint64,linear_spline,linear_regression,2097152,577.682,116,1310.66,0,159253
osm_cellids_200M_uint64,linear_spline,linear_regression,4194304,328.272,63,761.134,0,127029
osm_cellids_200M_uint64,linear_spline,linear_regression,8388608,185.052,34,431.31,0,31110
osm_cellids_200M_uint64,linear_spline,linear_regression,16777216,104.079,19,237.145,0,23448
osm_cellids_200M_uint64,linear_spline,linear_regression,33554432,58.0943,11,130.723,0,11777
osm_cellids_200M_uint64,cubic_spline,linear_spline,64,4.58209e+06,2473263,4.84856e+06,0,16969644
osm_cellids_200M_uint64,cubic_spline,linear_spline,128,4.34944e+06,1605283,6.25088e+06,0,23969395
osm_cellids_200M_uint64,cubic_spline,linear_spline,256,1.63341e+06,603195,2.4082e+06,0,11375996
osm_cellids_200M_uint64,cubic_spline,linear_spline,512,796574,309822,999993,0,4290291
osm_cellids_200M_uint64,cubic_spline,linear_spline,1024,474622,174116,709476,0,4483390
osm_cellids_200M_uint64,cubic_spline,linear_spline,2048,353087,113042,648387,0,4917194
osm_cellids_200M_uint64,cubic_spline,linear_spline,4096,144406,50215,229735,0,1612706
osm_cellids_200M_uint64,cubic_spline,linear_spline,8192,102517,28954,223356,0,1744373
osm_cellids_200M_uint64,cubic_spline,linear_spline,16384,44577.1,15654,76086.1,0,784323
osm_cellids_200M_uint64,cubic_spline,linear_spline,32768,30420.6,8895,61131.5,0,756584
osm_cellids_200M_uint64,cubic_spline,linear_spline,65536,16255.3,4621,32806.2,0,470644
osm_cellids_200M_uint64,cubic_spline,linear_spline,131072,9722.9,2469,19912.9,0,270883
osm_cellids_200M_uint64,cubic_spline,linear_spline,262144,5891.38,1314,13362.7,0,189504
osm_cellids_200M_uint64,cubic_spline,linear_spline,524288,3322.92,688,7486.53,0,118263
osm_cellids_200M_uint64,cubic_spline,linear_spline,1048576,1968.69,364,4986.98,0,133289
osm_cellids_200M_uint64,cubic_spline,linear_spline,2097152,1135.13,195,3017.62,0,77183
osm_cellids_200M_uint64,cubic_spline,linear_spline,4194304,677.443,103,2142.27,0,71586
osm_cellids_200M_uint64,cubic_spline,linear_spline,8388608,405.75,56,1505.55,0,54771
osm_cellids_200M_uint64,cubic_spline,linear_spline,16777216,227.021,31,824.913,0,35397
osm_cellids_200M_uint64,cubic_spline,linear_spline,33554432,130.868,17,468.373,0,22896
osm_cellids_200M_uint64,cubic_spline,linear_regression,64,3.09749e+06,1472607,3.6145e+06,0,20707737
osm_cellids_200M_uint64,cubic_spline,linear_regression,128,1.86301e+06,547836,2.57684e+06,0,26791527
osm_cellids_200M_uint64,cubic_spline,linear_regression,256,644573,308427,900386,0,11071169
osm_cellids_200M_uint64,cubic_spline,linear_regression,512,417976,154379,656616,0,6155595
osm_cellids_200M_uint64,cubic_spline,linear_regression,1024,262896,102130,396391,0,7724564
osm_cellids_200M_uint64,cubic_spline,linear_regression,2048,158483,58019,260549,0,9792081
osm_cellids_200M_uint64,cubic_spline,linear_regression,4096,89610.3,30599,154536,0,1596569
osm_cellids_200M_uint64,cubic_spline,linear_regression,8192,46035.2,17228,83488.3,0,3134837
osm_cellids_200M_uint64,cubic_spline,linear_regression,16384,24583.8,9261,37825,0,1105121
osm_cellids_200M_uint64,cubic_spline,linear_regression,32768,15097.3,5149,26082,0,966138
osm_cellids_200M_uint64,cubic_spline,linear_regression,65536,9037.74,2841,16789.1,0,1442856
osm_cellids_200M_uint64,cubic_spline,linear_regression,131072,5333.4,1477,10353.6,0,632161
osm_cellids_200M_uint64,cubic_spline,linear_regression,262144,3184.47,793,6654.32,0,628208
osm_cellids_200M_uint64,cubic_spline,linear_regression,524288,1818.66,418,3934.97,0,361071
osm_cellids_200M_uint64,cubic_spline,linear_regression,1048576,1079.92,228,2470.11,0,420173
osm_cellids_200M_uint64,cubic_spline,linear_regression,2097152,641.231,121,1668.29,0,103731
osm_cellids_200M_uint64,cubic_spline,linear_regression,4194304,375.232,65,1101.1,0,371205
osm_cellids_200M_uint64,cubic_spline,linear_regression,8388608,213.942,35,663.173,0,157186
osm_cellids_200M_uint64,cubic_spline,linear_regression,16777216,123.256,20,389.13,0,44761
osm_cellids_200M_uint64,cubic_spline,linear_regression,33554432,69.496,11,235.515,0,35143
osm_cellids_200M_uint64,linear_regression,linear_spline,64,5.44977e+06,1400001,7.63036e+06,0,25437678
osm_cellids_200M_uint64,linear_regression,linear_spline,128,2.28163e+06,1094703,2.86804e+06,0,12184787
osm_cellids_200M_uint64,linear_regression,linear_spline,256,1.60585e+06,530003,2.12216e+06,0,8704350
osm_cellids_200M_uint64,linear_regression,linear_spline,512,741634,255525,1.03299e+06,0,6018151
osm_cellids_200M_uint64,linear_regression,linear_spline,1024,429459,134913,732509,0,5324195
osm_cellids_200M_uint64,linear_regression,linear_spline,2048,249826,76807,533910,0,4414484
osm_cellids_200M_uint64,linear_regression,linear_spline,4096,144220,45179,292157,0,2477607
osm_cellids_200M_uint64,linear_regression,linear_spline,8192,92101.4,23412,228285,0,2477614
osm_cellids_200M_uint64,linear_regression,linear_spline,16384,62699.4,12490,196425,0,2477561
osm_cellids_200M_uint64,linear_regression,linear_spline,32768,42881.5,6777,183790,0,2477476
osm_cellids_200M_uint64,linear_regression,linear_spline,65536,33435.5,3700,180249,0,2477572
osm_cellids_200M_uint64,linear_regression,linear_spline,131072,28200.6,1927,179826,0,2477608
osm_cellids_200M_uint64,linear_regression,linear_spline,262144,25705.4,1030,179823,0,2477624
osm_cellids_200M_uint64,linear_regression,linear_spline,524288,23941.9,542,179873,0,2477616
osm_cellids_200M_uint64,linear_regression,linear_spline,1048576,22925.9,288,179943,0,2477642
osm_cellids_200M_uint64,linear_regression,linear_spline,2097152,22335.9,153,179995,0,2477642
osm_cellids_200M_uint64,linear_regression,linear_spline,4194304,21983.6,82,180029,0,2477642
osm_cellids_200M_uint64,linear_regression,linear_spline,8388608,21790,45,180049,0,2477642
osm_cellids_200M_uint64,linear_regression,linear_spline,16777216,21677.3,25,180062,0,2477642
osm_cellids_200M_uint64,linear_regression,linear_spline,33554432,21615.1,14,180069,0,2477642
osm_cellids_200M_uint64,linear_regression,linear_regression,64,2.81291e+06,752667,3.75456e+06,0,22796471
osm_cellids_200M_uint64,linear_regression,linear_regression,128,1.01446e+06,423621,1.55901e+06,0,14849818
osm_cellids_200M_uint64,linear_regression,linear_regression,256,736198,286765,1.02532e+06,0,6916315
osm_cellids_200M_uint64,linear_regression,linear_regression,512,379546,140883,644445,0,4495290
osm_cellids_200M_uint64,linear_regression,linear_regression,1024,233663,80365,398285,0,3392416
osm_cellids_200M_uint64,linear_regression,linear_regression,2048,115728,41361,229458,0,8308716
osm_cellids_200M_uint64,linear_regression,linear_regression,4096,79574.6,25225,149170,0,2492871
osm_cellids_200M_uint64,linear_regression,linear_regression,8192,49279.7,13798,117954,0,2171884
osm_cellids_200M_uint64,linear_regression,linear_regression,16384,31426.2,7544,97938.9,0,1423261
osm_cellids_200M_uint64,linear_regression,linear_regression,32768,21860.4,4001,94317.5,0,1809679
osm_cellids_200M_uint64,linear_regression,linear_regression,65536,18055.2,2210,93866.4,0,1314250
osm_cellids_200M_uint64,linear_regression,linear_regression,131072,15054.2,1184,93528.9,0,1314223
osm_cellids_200M_uint64,linear_regression,linear_regression,262144,13556.3,632,93525.5,0,1314222
osm_cellids_200M_uint64,linear_regression,linear_regression,524288,12597.9,332,93567.8,0,1314207
osm_cellids_200M_uint64,linear_regression,linear_regression,1048576,12022.5,177,93605.5,0,1314206
osm_cellids_200M_uint64,linear_regression,linear_regression,2097152,11684,95,93634.8,0,1314206
osm_cellids_200M_uint64,linear_regression,linear_regression,4194304,11497.9,51,93653.7,0,1314206
osm_cellids_200M_uint64,linear_regression,linear_regression,8388608,11391.6,28,93665.2,0,1314206
osm_cellids_200M_uint64,linear_regression,linear_regression,16777216,11330.8,16,93672.1,0,1314206
osm_cellids_200M_uint64,linear_regression,linear_regression,33554432,11297.4,9,93676,0,1314206
osm_cellids_200M_uint64,radix,linear_spline,64,9.55266e+06,2444365,1.32337e+07,0,40458436
osm_cellids_200M_uint64,radix,linear_spline,128,5.62624e+06,1549141,7.7645e+06,0,25774638
osm_cellids_200M_uint64,radix,linear_spline,256,2.09958e+06,676661,3.15836e+06,0,12481094
osm_cellids_200M_uint64,radix,linear_spline,512,761790,369483,1.09921e+06,0,7292498
osm_cellids_200M_uint64,radix,linear_spline,1024,646794,247898,950687,0,6114610
osm_cellids_200M_uint64,radix,linear_spline,2048,397392,112930,749273,0,5737697
osm_cellids_200M_uint64,radix,linear_spline,4096,201776,63343,430075,0,3596426
osm_cellids_200M_uint64,radix,linear_spline,8192,116093,34949,253697,0,2301941
osm_cellids_200M_uint64,radix,linear_spline,16384,65951.4,19808,134119,0,1430701
osm_cellids_200M_uint64,radix,linear_spline,32768,33054.1,10419,62941.9,0,681909
osm_cellids_200M_uint64,radix,linear_spline,65536,20100.5,5799,42443.6,0,653138
osm_cellids_200M_uint64,radix,linear_spline,131072,10961.9,2981,23607.8,0,350961
osm_cellids_200M_uint64,radix,linear_spline,262144,6980.27,1687,15535.3,0,243433
osm_cellids_200M_uint64,radix,linear_spline,524288,3625.4,819,7610.31,0,100223
osm_cellids_200M_uint64,radix,linear_spline,1048576,2326.06,462,5491.27,0,86192
osm_cellids_200M_uint64,radix,linear_spline,2097152,1263.6,231,3075.27,0,55738
osm_cellids_200M_uint64,radix,linear_spline,4194304,783.94,130,1997.09,0,44859
osm_cellids_200M_uint64,radix,linear_spline,8388608,404.095,67,1038.16,0,25452
osm_cellids_200M_uint64,radix,linear_spline,16777216,245.113,38,604.865,0,11833
osm_cellids_200M_uint64,radix,linear_spline,33554432,127.234,20,302.307,0,6719
osm_cellids_200M_uint64,radix,linear_regression,64,3.94767e+06,1320429,5.79827e+06,0,48378473
osm_cellids_200M_uint64,radix,linear_regression,128,2.58556e+06,735305,3.51834e+06,0,21460040
osm_cellids_200M_uint64,radix,linear_regression,256,1.48727e+06,409800,2.08774e+06,0,8816736
osm_cellids_200M_uint64,radix,linear_regression,512,504037,196553,797830,0,5628266
osm_cellids_200M_uint64,radix,linear_regression,1024,343908,133343,521606,0,10427880
osm_cellids_200M_uint64,radix,linear_regression,2048,233841,78661,432379,0,3369946
osm_cellids_200M_uint64,radix,linear_regression,4096,116750,40541,223311,0,4681304
osm_cellids_200M_uint64,radix,linear_regression,8192,68298.3,23175,131784,0,3134837
osm_cellids_200M_uint64,radix,linear_regression,16384,40679.8,12896,82437.5,0,2359740
osm_cellids_200M_uint64,radix,linear_regression,32768,19272.5,6518,34668.8,0,986954
osm_cellids_200M_uint64,radix,linear_regression,65536,11365.1,3669,20357.8,0,1979216
osm_cellids_200M_uint64,radix,linear_regression,131072,6415.25,1906,12462.5,0,491682
osm_cellids_200M_uint64,radix,linear_regression,262144,3914.59,1068,8160.16,0,760531
osm_cellids_200M_uint64,radix,linear_regression,524288,2162.24,542,4290.66,0,232082
osm_cellids_200M_uint64,radix,linear_regression,1048576,1298.82,298,2804.72,0,477086
osm_cellids_200M_uint64,radix,linear_regression,2097152,738.088,151,1662.6,0,217128
osm_cellids_200M_uint64,radix,linear_regression,4194304,438.551,84,1030.39,0,83021
osm_cellids_200M_uint64,radix,linear_regression,8388608,239.76,44,577.773,0,33736
osm_cellids_200M_uint64,radix,linear_regression,16777216,138.536,25,320.014,0,40161
osm_cellids_200M_uint64,radix,linear_regression,33554432,74.3471,13,165.367,0,9285
wiki_ts_200M_uint64,linear_spline,linear_spline,64,52919.4,34466,54594.9,0,310491
wiki_ts_200M_uint64,linear_spline,linear_spline,128,25256.9,19263,22918.7,0,151727
wiki_ts_200M_uint64,linear_spline,linear_spline,256,15586.2,11625,14988.7,0,124477
wiki_ts_200M_uint64,linear_spline,linear_spline,512,12214.1,9447,10630.6,0,64820
wiki_ts_200M_uint64,linear_spline,linear_spline,1024,8219.24,6404,7085.33,0,44199
wiki_ts_200M_uint64,linear_spline,linear_spline,2048,6696.89,5315,5684.97,0,39410
wiki_ts_200M_uint64,linear_spline,linear_spline,4096,5749.2,4324,5056.71,0,26243
wiki_ts_200M_uint64,linear_spline,linear_spline,8192,1985.43,1477,1816.4,0,30313
wiki_ts_200M_uint64,linear_spline,linear_spline,16384,583.698,407,590.357,0,23363
wiki_ts_200M_uint64,linear_spline,linear_spline,32768,192.196,124,405.569,0,31726
wiki_ts_200M_uint64,linear_spline,linear_spline,65536,77.9756,48,275.747,0,22349
wiki_ts_200M_uint64,linear_spline,linear_spline,131072,39.8135,23,324.297,0,26445
wiki_ts_200M_uint64,linear_spline,linear_spline,262144,21.5052,13,217.928,0,21025
wiki_ts_200M_uint64,linear_spline,linear_spline,524288,13.4536,8,215.895,0,21025
wiki_ts_200M_uint64,linear_spline,linear_spline,1048576,9.31337,5,215.623,0,21025
wiki_ts_200M_uint64,linear_spline,linear_spline,2097152,7.02908,4,215.565,0,21025
wiki_ts_200M_uint64,linear_spline,linear_spline,4194304,5.66094,3,215.553,0,21025
wiki_ts_200M_uint64,linear_spline,linear_spline,8388608,2.57423,2,2.45502,0,263
wiki_ts_200M_uint64,linear_spline,linear_spline,16777216,1.99251,1,1.92759,0,139
wiki_ts_200M_uint64,linear_spline,linear_spline,33554432,1.64241,1,1.6894,0,138
wiki_ts_200M_uint64,linear_spline,linear_regression,64,31657.5,21422,31984.4,0,197083
wiki_ts_200M_uint64,linear_spline,linear_regression,128,15522.9,11812,14058.7,0,117757
wiki_ts_200M_uint64,linear_spline,linear_regression,256,10931.3,8604,9355.57,0,106765
wiki_ts_200M_uint64,linear_spline,linear_regression,512,7813.24,6364,6408.36,0,42006
wiki_ts_200M_uint64,linear_spline,linear_regression,1024,6139.96,5478,4483.33,0,30591
wiki_ts_200M_uint64,linear_spline,linear_regression,2048,5678.73,5230,4014.17,0,29061
wiki_ts_200M_uint64,linear_spline,linear_regression,4096,2695.72,2076,2370.81,0,31871
wiki_ts_200M_uint64,linear_spline,linear_regression,8192,822.59,574,832.29,0,70416
wiki_ts_200M_uint64,linear_spline,linear_regression,16384,255.469,171,311.537,0,142570
wiki_ts_200M_uint64,linear_spline,linear_regression,32768,92.1439,61,176.286,0,104267
wiki_ts_200M_uint64,linear_spline,linear_regression,65536,41.5035,27,142.907,0,37380
wiki_ts_200M_uint64,linear_spline,linear_regression,131072,21.8101,14,132.516,0,37380
wiki_ts_200M_uint64,linear_spline,linear_regression,262144,13.0942,8,130.739,0,10512
wiki_ts_200M_uint64,linear_spline,linear_regression,524288,8.59582,5,130.066,0,10512
wiki_ts_200M_uint64,linear_spline,linear_regression,1048576,6.19781,3,129.979,0,10512
wiki_ts_200M_uint64,linear_spline,linear_regression,2097152,4.80436,2,129.957,0,10512
wiki_ts_200M_uint64,linear_spline,linear_regression,4194304,3.92776,2,129.954,0,10512
wiki_ts_200M_uint64,linear_spline,linear_regression,8388608,3.33483,1,129.955,0,10512
wiki_ts_200M_uint64,linear_spline,linear_regression,16777216,2.9232,1,129.958,0,10512
wiki_ts_200M_uint64,linear_spline,linear_regression,33554432,2.64562,1,129.96,0,10512
wiki_ts_200M_uint64,cubic_spline,linear_spline,64,42630.5,26198,44982.4,0,239263
wiki_ts_200M_uint64,cubic_spline,linear_spline,128,22601.8,15262,24807.9,0,184963
wiki_ts_200M_uint64,cubic_spline,linear_spline,256,14971.5,11234,14064.3,0,106840
wiki_ts_200M_uint64,cubic_spline,linear_spline,512,11049.3,8419,9871.61,0,70919
wiki_ts_200M_uint64,cubic_spline,linear_spline,1024,7905.31,6146,6788.74,0,47464
wiki_ts_200M_uint64,cubic_spline,linear_spline,2048,7323.85,5540,6452.3,0,40553
wiki_ts_200M_uint64,cubic_spline,linear_spline,4096,4564.8,3389,4152.3,0,31514
wiki_ts_200M_uint64,cubic_spline,linear_spline,8192,1448.77,1016,1419.5,0,25754
wiki_ts_200M_uint64,cubic_spline,linear_spline,16384,429.783,277,483.368,0,21856
wiki_ts_200M_uint64,cubic_spline,linear_spline,32768,149.553,90,413.146,0,34597
wiki_ts_200M_uint64,cubic_spline,linear_spline,65536,65.1184,38,346.495,0,30563
wiki_ts_200M_uint64,cubic_spline,linear_spline,131072,30.5616,19,80.5663,0,6863
wiki_ts_200M_uint64,cubic_spline,linear_spline,262144,17.2536,11,73.9551,0,6863
wiki_ts_200M_uint64,cubic_spline,linear_spline,524288,12.062,7,215.741,0,21025
wiki_ts_200M_uint64,cubic_spline,linear_spline,1048576,8.57336,5,215.599,0,21025
wiki_ts_200M_uint64,cubic_spline,linear_spline,2097152,6.59531,3,215.562,0,21025
wiki_ts_200M_uint64,cubic_spline,linear_spline,4194304,5.38537,2,215.553,0,21025
wiki_ts_200M_uint64,cubic_spline,linear_spline,8388608,4.60188,2,215.552,0,21025
wiki_ts_200M_uint64,cubic_spline,linear_spline,16777216,4.08815,1,215.553,0,21025
wiki_ts_200M_uint64,cubic_spline,linear_spline,33554432,1.57996,1,1.6809,0,141
wiki_ts_200M_uint64,cubic_spline,linear_regression,64,24197.5,16473,24298,0,210414
wiki_ts_200M_uint64,cubic_spline,linear_regression,128,13542.2,10317,12573.5,0,146352
wiki_ts_200M_uint64,cubic_spline,linear_regression,256,10139.2,8033,8632.05,0,75864
wiki_ts_200M_uint64,cubic_spline,linear_regression,512,7100.11,5913,5703.92,0,50605
wiki_ts_200M_uint64,cubic_spline,linear_regression,1024,5892.99,5252,4314.15,0,31686
wiki_ts_200M_uint64,cubic_spline,linear_regression,2048,5082.75,4402,3869.07,0,32302
wiki_ts_200M_uint64,cubic_spline,linear_regression,4096,2019.13,1484,1913.58,0,20843
wiki_ts_200M_uint64,cubic_spline,linear_regression,8192,606.766,406,652.945,0,35834
wiki_ts_200M_uint64,cubic_spline,linear_regression,16384,192.313,124,271.72,0,75095
wiki_ts_200M_uint64,cubic_spline,linear_regression,32768,73.5856,48,183.549,0,104204
wiki_ts_200M_uint64,cubic_spline,linear_regression,65536,34.7594,22,144.961,0,104273
wiki_ts_200M_uint64,cubic_spline,linear_regression,131072,18.869,12,131.747,0,10512
wiki_ts_200M_uint64,cubic_spline,linear_regression,262144,11.5911,7,130.559,0,10512
wiki_ts_200M_uint64,cubic_spline,linear_regression,524288,7.81288,5,130.03,0,10512
wiki_ts_200M_uint64,cubic_spline,linear_regression,1048576,5.75054,3,129.97,0,10512
wiki_ts_200M_uint64,cubic_spline,linear_regression,2097152,4.53034,2,129.956,0,10512
wiki_ts_200M_uint64,cubic_spline,linear_regression,4194304,3.74324,2,129.955,0,10512
wiki_ts_200M_uint64,cubic_spline,linear_regression,8388608,3.20614,1,129.956,0,10512
wiki_ts_200M_uint64,cubic_spline,linear_regression,16777216,2.83414,1,129.958,0,10512
wiki_ts_200M_uint64,cubic_spline,linear_regression,33554432,2.58956,1,129.96,0,10512
wiki_ts_200M_uint64,linear_regression,linear_spline,64,223240,23294,894826,0,5667694
wiki_ts_200M_uint64,linear_regression,linear_spline,128,199864,14326,857123,0,5478937
wiki_ts_200M_uint64,linear_regression,linear_spline,256,191248,11006,842886,0,5406818
wiki_ts_200M_uint64,linear_regression,linear_spline,512,186390,7688,839910,0,5389529
wiki_ts_200M_uint64,linear_regression,linear_spline,1024,183012,6220,834662,0,5363681
wiki_ts_200M_uint64,linear_regression,linear_spline,2048,181536,5290,832275,0,5352018
wiki_ts_200M_uint64,linear_regression,linear_spline,4096,177276,1808,831403,0,5344527
wiki_ts_200M_uint64,linear_regression,linear_spline,8192,175706,495,831232,0,5342395
wiki_ts_200M_uint64,linear_regression,linear_spline,16384,175245,149,831126,0,5341529
wiki_ts_200M_uint64,linear_regression,linear_spline,32768,175092,57,831021,0,5340945
wiki_ts_200M_uint64,linear_regression,linear_spline,65536,175033,27,830959,0,5340624
wiki_ts_200M_uint64,linear_regression,linear_spline,131072,175007,15,830927,0,5340467
wiki_ts_200M_uint64,linear_regression,linear_spline,262144,174994,9,830912,0,5340390
wiki_ts_200M_uint64,linear_regression,linear_spline,524288,174987,6,830905,0,5340355
wiki_ts_200M_uint64,linear_regression,linear_spline,1048576,174984,4,830900,0,5340329
wiki_ts_200M_uint64,linear_regression,linear_spline,2097152,174982,3,830898,0,5340321
wiki_ts_200M_uint64,linear_regression,linear_spline,4194304,174981,2,830898,0,5340320
wiki_ts_200M_uint64,linear_regression,linear_spline,8388608,174980,2,830897,0,5340315
wiki_ts_200M_uint64,linear_regression,linear_spline,16777216,174979,1,830897,0,5340313
wiki_ts_200M_uint64,linear_regression,linear_spline,33554432,174979,1,830897,0,5340313
wiki_ts_200M_uint64,linear_regression,linear_regression,64,73981.7,14629,273168,0,2352017
wiki_ts_200M_uint64,linear_regression,linear_regression,128,65257.5,9938,263239,0,2295778
wiki_ts_200M_uint64,linear_regression,linear_regression,256,60947.8,7372,259322,0,2287986
wiki_ts_200M_uint64,linear_regression,linear_regression,512,58839.4,6213,258170,0,2289866
wiki_ts_200M_uint64,linear_regression,linear_regression,1024,57942.9,5877,256704,0,2280239
wiki_ts_200M_uint64,linear_regression,linear_regression,2048,54823.3,2463,256558,0,2276307
wiki_ts_200M_uint64,linear_regression,linear_regression,4096,52796.4,699,256490,0,2272999
wiki_ts_200M_uint64,linear_regression,linear_regression,8192,52166.1,205,256464,0,2272579
wiki_ts_200M_uint64,linear_regression,linear_regression,16384,51981,72,256436,0,2272521
wiki_ts_200M_uint64,linear_regression,linear_regression,32768,51918.2,32,256408,0,2272378
wiki_ts_200M_uint64,linear_regression,linear_regression,65536,51892.6,17,256392,0,2272282
wiki_ts_200M_uint64,linear_regression,linear_regression,131072,51880.8,10,256383,0,2272239
wiki_ts_200M_uint64,linear_regression,linear_regression,262144,51874.9,6,256379,0,2272218
wiki_ts_200M_uint64,linear_regression,linear_regression,524288,51871.8,4,256377,0,2272209
wiki_ts_200M_uint64,linear_regression,linear_regression,1048576,51870,3,256376,0,2272199
wiki_ts_200M_uint64,linear_regression,linear_regression,2097152,51869,2,256376,0,2272199
wiki_ts_200M_uint64,linear_regression,linear_regression,4194304,51868.3,1,256376,0,2272199
wiki_ts_200M_uint64,linear_regression,linear_regression,8388608,51867.8,1,256376,0,2272197
wiki_ts_200M_uint64,linear_regression,linear_regression,16777216,51867.5,1,256375,0,2272196
wiki_ts_200M_uint64,linear_regression,linear_regression,33554432,51867.4,1,256375,0,2272196
wiki_ts_200M_uint64,radix,linear_spline,64,1.64867e+06,951217,1.54644e+06,0,4695009
wiki_ts_200M_uint64,radix,linear_spline,128,680968,652056,514184,0,2197406
wiki_ts_200M_uint64,radix,linear_spline,256,218623,194283,174463,0,780613
wiki_ts_200M_uint64,radix,linear_spline,512,60044.1,41391,60243,0,364184
wiki_ts_200M_uint64,radix,linear_spline,1024,27765,20793,25742.8,0,169874
wiki_ts_200M_uint64,radix,linear_spline,2048,18565.8,12960,18909.4,0,136545
wiki_ts_200M_uint64,radix,linear_spline,4096,13861.5,10446,12486.9,0,74131
wiki_ts_200M_uint64,radix,linear_spline,8192,9303.23,7161,8070.48,0,49213
wiki_ts_200M_uint64,radix,linear_spline,16384,6569.65,5319,5430.63,0,31717
wiki_ts_200M_uint64,radix,linear_spline,32768,6592.49,5018,5798.98,0,33977
wiki_ts_200M_uint64,radix,linear_spline,65536,2496.21,1877,2225.57,0,22510
wiki_ts_200M_uint64,radix,linear_spline,131072,734.768,518,727.062,0,28099
wiki_ts_200M_uint64,radix,linear_spline,262144,229.567,150,291.006,0,18659
wiki_ts_200M_uint64,radix,linear_spline,524288,92.1346,56,381.618,0,32462
wiki_ts_200M_uint64,radix,linear_spline,1048576,44.8125,26,334.119,0,27476
wiki_ts_200M_uint64,radix,linear_spline,2097152,23.5454,14,218.638,0,21025
wiki_ts_200M_uint64,radix,linear_spline,4194304,14.4862,9,215.934,0,21025
wiki_ts_200M_uint64,radix,linear_spline,8388608,9.887,6,215.632,0,21025
wiki_ts_200M_uint64,radix,linear_spline,16777216,7.35877,4,215.57,0,21025
wiki_ts_200M_uint64,radix,linear_spline,33554432,5.86477,3,215.555,0,21025
wiki_ts_200M_uint64,radix,linear_regression,64,639032,431620,638022,0,3722429
wiki_ts_200M_uint64,radix,linear_regression,128,306774,257682,237454,0,1396417
wiki_ts_200M_uint64,radix,linear_regression,256,96136.4,78852,80924.6,0,628142
wiki_ts_200M_uint64,radix,linear_regression,512,31894.6,22619,31626.9,0,259677
wiki_ts_200M_uint64,radix,linear_regression,1024,16661.3,12788,15044.7,0,137558
wiki_ts_200M_uint64,radix,linear_regression,2048,11476.6,8845,10168.2,0,113377
wiki_ts_200M_uint64,radix,linear_regression,4096,8348.72,6688,6988.59,0,60617
wiki_ts_200M_uint64,radix,linear_regression,8192,6250.33,5511,4659.14,0,34585
wiki_ts_200M_uint64,radix,linear_regression,16384,5721.44,5243,4062.47,0,27007
wiki_ts_200M_uint64,radix,linear_regression,32768,3254.4,2586,2785.93,0,32002
wiki_ts_200M_uint64,radix,linear_regression,65536,1044,747,1006.06,0,57007
wiki_ts_200M_uint64,radix,linear_regression,131072,314.773,213,364.52,0,129590
wiki_ts_200M_uint64,radix,linear_regression,262144,109.112,73,184.481,0,124714
wiki_ts_200M_uint64,radix,linear_regression,524288,47.4806,32,146.151,0,104275
wiki_ts_200M_uint64,radix,linear_regression,1048576,24.4587,16,134.399,0,44068
wiki_ts_200M_uint64,radix,linear_regression,2097152,14.2572,9,131.005,0,10512
wiki_ts_200M_uint64,radix,linear_regression,4194304,9.20576,6,130.093,0,10512
wiki_ts_200M_uint64,radix,linear_regression,8388608,6.5359,4,129.984,0,10512
wiki_ts_200M_uint64,radix,linear_regression,16777216,5.01022,3,129.959,0,10512
wiki_ts_200M_uint64,radix,linear_regression,33554432,4.06144,2,129.954,0,10512
